{"noiseKey":{"private":{"type":"Buffer","data":"OJFPoslctWE4WdQJPyM8crvRz9abpw/JzgzfQI+jbU4="},"public":{"type":"Buffer","data":"V1/Q6i2crL7JOLtB8IcR6SfKG2Ko2SMIe0CE3Xspp00="}},"pairingEphemeralKeyPair":{"private":{"type":"Buffer","data":"gOhChhfmSa2zalc4Ty4VgwzL/EBLEDJC3SIta9lTGH4="},"public":{"type":"Buffer","data":"wf/Bm2YE26jQXy/vY6ZC8/CjhYrpZ/F/KJHHtO4fL28="}},"signedIdentityKey":{"private":{"type":"Buffer","data":"oE0E4E5yM4Sff60oRdXXFzdXElXEWispStb4lW6e138="},"public":{"type":"Buffer","data":"e5LAJMOxfvSqUq3WBwfdP7YYgtnsEu0qrK3eSFbXHB8="}},"signedPreKey":{"keyPair":{"private":{"type":"Buffer","data":"CLAhjr0vvzEJMVXnsEIePb0qVcirYwN+w9w5iLgkA00="},"public":{"type":"Buffer","data":"dt8cyihzc1VVZ+8/C5LjdRF1hR3zz5RDYRmYBgv+xS8="}},"signature":{"type":"Buffer","data":"9QTCyd8GLi3Q5vho0hh9hbjwIQ3+vBJwTTt/JGQb0VnZyNuCrqXFC4p8U2JDvppJuwak1JnVtw2eOigFvLGdhw=="},"keyId":1},"registrationId":207,"advSecretKey":"I7gmGQv2auDb2gAhfDY8uG+feidHJTsyzIpgCGlChMA=","processedHistoryMessages":[],"nextPreKeyId":31,"firstUnuploadedPreKeyId":31,"accountSyncCounter":0,"accountSettings":{"unarchiveChats":false},"registered":true,"pairingCode":"5ZIGXPE9","me":{"id":"254732982940:18@s.whatsapp.net","name":"was casper","lid":"205270009532505:18@lid"},"account":{"details":"CJCP7OwCEMbu4MwGGAEgACgA","accountSignatureKey":"MsYgK5T/Ga6O9wKCeRYjAt30o65QuoeGkloiz6XSrG0=","accountSignature":"ettd4MCveKnnJFnj83dV9G25KhVHyv7ZxZOHAEIBpcmJ25sj5gFYh87a0Tv34+j0vdZQgz5NsYB+LB4JwsMRCA==","deviceSignature":"DgCaaLkIrmp7vNN9X9hXmKK7OjJmU+ti3tAzBNARuSu9hfNhTmGMVqKB9u3tEAHoX8dRVkraeZhhMucO1UL+jg=="},"signalIdentities":[{"identifier":{"name":"254732982940:18@s.whatsapp.net","deviceId":0},"identifierKey":{"type":"Buffer","data":"BTLGICuU/xmujvcCgnkWIwLd9KOuULqHhpJaIs+l0qxt"}}],"platform":"smba","routingInfo":{"type":"Buffer","data":"CA0ICAgC"},"lastAccountSyncTimestamp":1771583311,"lastPropHash":"PWk5B"}