{"noiseKey":{"private":{"type":"Buffer","data":"UA/QqTYaID2Erar5HqDJnQztJ8RF8S4deavpGgY+bF4="},"public":{"type":"Buffer","data":"4vyIh8IZCqrv2Ljlneyks7zuV6oZNuf6xnp9zn8f5mY="}},"pairingEphemeralKeyPair":{"private":{"type":"Buffer","data":"kBy1+ff8ZPdlk0Ie2ayD7Hltnf/J/yRJgeSVA8+bzUc="},"public":{"type":"Buffer","data":"E8ir1X9yjVOGEWSescyuz2+W3O5tp3XgQxNayP6QP3c="}},"signedIdentityKey":{"private":{"type":"Buffer","data":"SGgaW+qAvYCSz1D9Nn1qLHkW5oo9NPI4rjxy2fc7Ils="},"public":{"type":"Buffer","data":"L3L9NsSrMpelqGhd6tzrEclULKcYyicU7/TD5s52WjE="}},"signedPreKey":{"keyPair":{"private":{"type":"Buffer","data":"MJYbSf5BitVvSnY2CH3Q9QHXllvOpWSnFjCQZYXmGmo="},"public":{"type":"Buffer","data":"Rbl1GWXm2ASNVGGmV/hnf//ZvV6of+ibpvAPDoGe+jI="}},"signature":{"type":"Buffer","data":"Kk9LzQEnqNcRS+Ct8g50ce8G6qCvJmkrssWGHM+zJZxFSqSfICMqXeA62Z4Nx2L5XZ7qyHJpBN/D8ZHG3b3lCg=="},"keyId":1},"registrationId":103,"advSecretKey":"B52uRmTiR6SA+clYOBekbxJuHOAu5cqQEuEpfgV2dws=","processedHistoryMessages":[],"nextPreKeyId":31,"firstUnuploadedPreKeyId":31,"accountSyncCounter":0,"accountSettings":{"unarchiveChats":false},"registered":true,"pairingCode":"M1UE9O07","me":{"id":"254732982940:16@s.whatsapp.net","name":"was casper","lid":"205270009532505:16@lid"},"account":{"details":"CI+P7OwCEKLm4MwGGAEgACgA","accountSignatureKey":"MsYgK5T/Ga6O9wKCeRYjAt30o65QuoeGkloiz6XSrG0=","accountSignature":"YC1wUFfTs1zdSttnKIicsJJTxLpHT7G0IywuLFOZT+aUXlgZtsjU7pnblItxdZwTlEjROZKq4WL1JMvsyvgLDQ==","deviceSignature":"S2FCfTuu+Vigf+uwcKzzBFhEfGzk1T5xW8Z5GrvJnaUw2zBkIBOzAqklTzZIdDuz7uZl32fSG1/KqXZoDIzRAw=="},"signalIdentities":[{"identifier":{"name":"254732982940:16@s.whatsapp.net","deviceId":0},"identifierKey":{"type":"Buffer","data":"BTLGICuU/xmujvcCgnkWIwLd9KOuULqHhpJaIs+l0qxt"}}],"platform":"smba","routingInfo":{"type":"Buffer","data":"CA0ICAgC"},"lastAccountSyncTimestamp":1771582252,"lastPropHash":"PWk5B"}