{"noiseKey":{"private":{"type":"Buffer","data":"+LvuyZYBLWpb/XKQ35Qt5GhzqQvJq24PV4BNYJIKS0E="},"public":{"type":"Buffer","data":"C5qtOFbevw+OUrlf4s5uGFfC4tz7GveiQ17W15edXhA="}},"pairingEphemeralKeyPair":{"private":{"type":"Buffer","data":"uO4d8+l3zziN+1LhnxxJcFeMNItEvsXEfDjHILu+hmI="},"public":{"type":"Buffer","data":"HI/iwTZqWYH0ETUEPktLpCffdeTfCsbqRCrQK84P5wQ="}},"signedIdentityKey":{"private":{"type":"Buffer","data":"6IXT3GbGeqXca3FJvBlFraLmCuKVib0ZXBqyCAgKrGg="},"public":{"type":"Buffer","data":"A6+UDSDROvIh73VMSF4xho69krZxYBR9zLzwZzMKgGY="}},"signedPreKey":{"keyPair":{"private":{"type":"Buffer","data":"QGJeXfkz8Ri1rpzsR5u6ZnWxyyaVR9aCtrsEGKgwnHo="},"public":{"type":"Buffer","data":"g3UR7gW+bq2ow1bBGLLvI7L3tQTHyfIkGhPkpvKVtmg="}},"signature":{"type":"Buffer","data":"GasHjz05He10YxWH8oKAXF1qpKvTyCPp26/RCh1J9z1kMo6PkxTM3d4hjqkiuWrJaqxOy2wIsxvkQECszikJjw=="},"keyId":1},"registrationId":87,"advSecretKey":"kiPxyeO3hIZtr8bBu4UxluFEwXxEyNo786beR506tPE=","processedHistoryMessages":[],"nextPreKeyId":31,"firstUnuploadedPreKeyId":31,"accountSyncCounter":0,"accountSettings":{"unarchiveChats":false},"registered":true,"pairingCode":"UUCEJYZU","me":{"id":"254732982940:17@s.whatsapp.net","name":"was casper","lid":"205270009532505:17@lid"},"account":{"details":"CI+P7OwCEMfq4MwGGAIgACgA","accountSignatureKey":"MsYgK5T/Ga6O9wKCeRYjAt30o65QuoeGkloiz6XSrG0=","accountSignature":"f8Ep70RZ8q1+AzBTC1iITt6vYzRnAbjg1zXITSTJCcl9kXIbLur3mrFxo/XUlxVQWJJw2AX6Fqha3q4S3ZB+Dw==","deviceSignature":"jfxCo42q5/6hQeA6CgA3Tf9rXKiEaxeygeb3Ur9jUfuG6BTD6+hpAd7QWZyWE20fki0lG3F+uV55bUoyDRLrig=="},"signalIdentities":[{"identifier":{"name":"254732982940:17@s.whatsapp.net","deviceId":0},"identifierKey":{"type":"Buffer","data":"BTLGICuU/xmujvcCgnkWIwLd9KOuULqHhpJaIs+l0qxt"}}],"platform":"smba","routingInfo":{"type":"Buffer","data":"CA0ICAgC"},"lastAccountSyncTimestamp":1771582802,"lastPropHash":"PWk5B"}